{
    "id": "1",
    "name": "test",
    "data": [
        {
            "timestamp": 1806142697,
            "lat_lng": [
                10.11254,
                141.55402
            ],
            "battery_level": 32
        },
        {
            "timestamp": 1519176862,
            "lat_lng": [
                -44.87894,
                85.23092
            ],
            "battery_level": 87
        }
    ]
}